{"_type":"export","__export_format":4,"__export_date":"2020-06-12T03:47:36.731Z","__export_source":"insomnia.desktop.app:v2020.2.2","resources":[{"_id":"req_5b2cffc7c87944aa954e2998d06d186c","authentication":{},"body":{"mimeType":"application/json","text":"{\n    \"student\": \"Henrique Geremia\",\n    \"subject\": \"01 - JavaScript\",\n    \"type\": \"Fórum\",\n    \"value\": 20\n}"},"created":1591924412277,"description":"","headers":[{"id":"pair_47e9d8b3402c4feab4b8027c27c445dc","name":"Content-Type","value":"application/json"}],"isPrivate":false,"metaSortKey":-1591924412277,"method":"POST","modified":1591924612160,"name":"post new grade","parameters":[],"parentId":"fld_4b3c024bb66341dfb2c06f75bc74b855","settingDisableRenderRequestBody":false,"settingEncodeUrl":true,"settingFollowRedirects":"global","settingRebuildPath":true,"settingSendCookies":true,"settingStoreCookies":true,"url":"http://localhost:3000/new-grade","_type":"request"},{"_id":"fld_4b3c024bb66341dfb2c06f75bc74b855","created":1591924402437,"description":"","environment":{},"environmentPropertyOrder":null,"metaSortKey":-1591924402437,"modified":1591924402437,"name":"grades-control-api","parentId":"wrk_441cdc112d8c412faff5879e8f238479","_type":"request_group"},{"_id":"wrk_441cdc112d8c412faff5879e8f238479","created":1591756321370,"description":"","modified":1591756321370,"name":"my-bank-api","parentId":null,"scope":null,"_type":"workspace"},{"_id":"req_7891443798b1490d92160a1f143caadc","authentication":{},"body":{"mimeType":"application/json","text":"{\n  \"student\": \"Loiane Groner\",\n\t\"subject\": \"01 - JavaScript\"\n}"},"created":1591929569373,"description":"","headers":[{"id":"pair_47e9d8b3402c4feab4b8027c27c445dc","name":"Content-Type","value":"application/json"}],"isPrivate":false,"metaSortKey":-1591883441779.25,"method":"GET","modified":1591932264334,"name":"sum-subject-values","parameters":[],"parentId":"fld_4b3c024bb66341dfb2c06f75bc74b855","settingDisableRenderRequestBody":false,"settingEncodeUrl":true,"settingFollowRedirects":"global","settingRebuildPath":true,"settingSendCookies":true,"settingStoreCookies":true,"url":"http://localhost:3000/sum-subject-values","_type":"request"},{"_id":"req_906c36454aaf468aa4653ce218526550","authentication":{},"body":{"mimeType":"application/json","text":"{\n\t\"subject\": \"01 - JavaScript\",\n\t\"type\": \"Fórum\"\n}"},"created":1591932249475,"description":"","headers":[{"id":"pair_47e9d8b3402c4feab4b8027c27c445dc","name":"Content-Type","value":"application/json"}],"isPrivate":false,"metaSortKey":-1591862956530.375,"method":"GET","modified":1591932319685,"name":"avg grade value","parameters":[],"parentId":"fld_4b3c024bb66341dfb2c06f75bc74b855","settingDisableRenderRequestBody":false,"settingEncodeUrl":true,"settingFollowRedirects":"global","settingRebuildPath":true,"settingSendCookies":true,"settingStoreCookies":true,"url":"http://localhost:3000/avg-subject-type-values","_type":"request"},{"_id":"req_a025de5d06db4e40a039b150653a6b7d","authentication":{},"body":{"mimeType":"application/json","text":"{\n\t\"subject\": \"01 - JavaScript\",\n\t\"type\": \"Fórum\"\n}"},"created":1591932726641,"description":"","headers":[{"id":"pair_47e9d8b3402c4feab4b8027c27c445dc","name":"Content-Type","value":"application/json"}],"isPrivate":false,"metaSortKey":-1591852713905.9375,"method":"GET","modified":1591932871689,"name":"top3-subject-type-values","parameters":[],"parentId":"fld_4b3c024bb66341dfb2c06f75bc74b855","settingDisableRenderRequestBody":false,"settingEncodeUrl":true,"settingFollowRedirects":"global","settingRebuildPath":true,"settingSendCookies":true,"settingStoreCookies":true,"url":"http://localhost:3000/top3-subject-type-values","_type":"request"},{"_id":"req_2913cbd8f60b45b2b6f5dc49def462c7","authentication":{},"body":{"mimeType":"application/json","text":"{\n  \"id\": 3,  \n\t\"student\": \"teste alterar grade\",\n    \"subject\": \"01 - JavaScript\",\n    \"type\": \"Fórum\",\n    \"value\": 30\n}"},"created":1591928017907,"description":"","headers":[{"id":"pair_47e9d8b3402c4feab4b8027c27c445dc","name":"Content-Type","value":"application/json"}],"isPrivate":false,"metaSortKey":-1591842471281.5,"method":"PUT","modified":1591928369350,"name":"put alterar grade","parameters":[],"parentId":"fld_4b3c024bb66341dfb2c06f75bc74b855","settingDisableRenderRequestBody":false,"settingEncodeUrl":true,"settingFollowRedirects":"global","settingRebuildPath":true,"settingSendCookies":true,"settingStoreCookies":true,"url":"http://localhost:3000/","_type":"request"},{"_id":"req_c18434d43b2741459719a4f7fa5844da","authentication":{},"body":{"mimeType":"multipart/form-data","params":[{"id":"pair_30c95229f1244da99889de349ead8605","name":"","value":""},{"description":"","id":"pair_a9e744beebd14e2ba7aed5f40f035fd9","name":"","value":""}]},"created":1591929285235,"description":"","headers":[{"id":"pair_47e9d8b3402c4feab4b8027c27c445dc","name":"Content-Type","value":"multipart/form-data"}],"isPrivate":false,"metaSortKey":-1591801500783.75,"method":"DELETE","modified":1591930923390,"name":"delete id","parameters":[],"parentId":"fld_4b3c024bb66341dfb2c06f75bc74b855","settingDisableRenderRequestBody":false,"settingEncodeUrl":true,"settingFollowRedirects":"global","settingRebuildPath":true,"settingSendCookies":true,"settingStoreCookies":true,"url":"http://localhost:3000/delete-grade/3","_type":"request"},{"_id":"req_c9642be105a244ba8f4089676c7a144a","authentication":{},"body":{"mimeType":"multipart/form-data","params":[{"id":"pair_30c95229f1244da99889de349ead8605","name":"","value":""}]},"created":1591929466492,"description":"","headers":[{"id":"pair_47e9d8b3402c4feab4b8027c27c445dc","name":"Content-Type","value":"multipart/form-data"}],"isPrivate":false,"metaSortKey":-1591781015534.875,"method":"GET","modified":1591930887515,"name":"consult id","parameters":[],"parentId":"fld_4b3c024bb66341dfb2c06f75bc74b855","settingDisableRenderRequestBody":false,"settingEncodeUrl":true,"settingFollowRedirects":"global","settingRebuildPath":true,"settingSendCookies":true,"settingStoreCookies":true,"url":"http://localhost:3000/consult-grade-value/3","_type":"request"},{"_id":"env_120c4cd543d986a11c4b4bc051d6acd33cec6ef4","color":null,"created":1591756321511,"data":{},"dataPropertyOrder":null,"isPrivate":false,"metaSortKey":1591756321511,"modified":1591756321511,"name":"Base Environment","parentId":"wrk_441cdc112d8c412faff5879e8f238479","_type":"environment"},{"_id":"jar_120c4cd543d986a11c4b4bc051d6acd33cec6ef4","cookies":[],"created":1591756321516,"modified":1591756321516,"name":"Default Jar","parentId":"wrk_441cdc112d8c412faff5879e8f238479","_type":"cookie_jar"},{"_id":"spc_bffe0b6f35ef4e8fbfe138d55a857083","contentType":"yaml","contents":"","created":1591756321378,"fileName":"my-bank-api","modified":1591756321378,"parentId":"wrk_441cdc112d8c412faff5879e8f238479","_type":"api_spec"}]}